震级,日期,时间,纬度,经度,深度,地点
5.7,2024-01-04,12:56:36,-20.90,-176.15,210,斐济群岛
2.4,2024-01-04,02:49:32,41.18,114.47,10,河北张家口市张北县
3.5,2024-01-03,18:08:25,24.76,117.49,13,福建漳州市华安县
5.5,2024-01-03,16:03:59,-28.50,-68.85,170,阿根廷
7.4,2024-01-01,15:10:10,37.50,137.20,30,日本本州西岸近海
2.9,2024-01-01,07:04:18,31.67,104.12,16,四川绵阳市安州区
4.9,2023-12-31,22:27:38,36.74,105.00,10,甘肃白银市平川区
3.2,2023-12-31,14:07:04,29.40,104.46,8,四川自贡市荣县
6.3,2023-12-31,01:16:26,-3.30,139.30,50,印度尼西亚
5.5,2023-12-30,13:19:27,2.45,93.00,10,印尼苏门答腊岛北部西岸远海
3.0,2023-12-30,10:15:56,36.55,122.34,12,山东威海市荣成市海域
3.1,2023-12-30,02:44:33,39.41,78.11,15,新疆喀什地区巴楚县
5.0,2023-12-30,00:31:16,24.95,96.45,10,缅甸
5.6,2023-12-29,09:18:49,-7.20,67.75,10,中印度洋海岭
3.2,2023-12-28,19:51:48,24.80,99.20,10,云南保山市施甸县
6.5,2023-12-28,17:15:16,44.40,149.15,30,千岛群岛
3.0,2023-12-28,05:15:50,43.09,94.21,10,新疆哈密市伊州区
3.1,2023-12-27,04:22:45,32.30,105.01,10,四川广元市青川县
3.3,2023-12-27,00:08:16,35.73,102.82,10,甘肃临夏州积石山县
3.3,2023-12-26,18:11:21,40.19,76.09,20,新疆克孜勒苏州阿图什市
3.1,2023-12-25,14:48:03,40.90,83.96,10,新疆阿克苏地区库车市
3.0,2023-12-25,04:23:03,38.66,102.10,13,甘肃金昌市金川区
3.1,2023-12-24,22:28:44,40.01,77.96,17,新疆克孜勒苏州阿图什市
3.3,2023-12-24,19:51:41,38.43,75.39,142,新疆克孜勒苏州阿克陶县
2.8,2023-12-24,16:39:37,39.84,118.73,11,河北唐山市滦州市
5.7,2023-12-24,11:23:43,-38.05,-73.45,10,智利
5.6,2023-12-24,07:44:46,-20.35,-173.35,10,汤加群岛
3.3,2023-12-23,18:37:48,40.83,82.66,25,新疆阿克苏地区沙雅县
3.4,2023-12-23,10:31:01,44.80,89.28,14,新疆昌吉州吉木萨尔县
3.1,2023-12-22,22:16:26,41.34,84.49,10,新疆巴音郭楞州轮台县
3.0,2023-12-22,14:43:13,35.73,102.81,8,甘肃临夏州积石山县
6.2,2023-12-21,22:55:59,51.55,-175.45,20,安德烈亚诺夫群岛
3.1,2023-12-21,12:26:04,41.16,83.75,12,新疆阿克苏地区库车市
4.1,2023-12-21,04:02:14,35.77,102.80,8,甘肃临夏州积石山县
6.2,2023-12-20,20:11:18,-16.10,-72.85,100,秘鲁
3.4,2023-12-20,00:32:52,35.76,102.78,9,甘肃临夏州积石山县
3.1,2023-12-19,21:49:48,28.34,104.94,8,四川宜宾市长宁县
5.5,2023-12-19,09:46:21,40.02,77.86,10,新疆克孜勒苏州阿图什市
3.2,2023-12-19,02:10:06,35.83,102.76,10,甘肃临夏州积石山县
3.2,2023-12-19,01:20:12,35.80,102.77,10,甘肃临夏州积石山县
3.2,2023-12-19,01:10:31,35.80,102.78,10,甘肃临夏州积石山县
4.1,2023-12-19,00:59:39,35.83,102.78,10,甘肃临夏州积石山县
3.1,2023-12-19,00:59:11,35.74,102.77,10,甘肃临夏州积石山县
3.4,2023-12-19,00:56:51,35.80,102.79,10,甘肃临夏州积石山县
3.4,2023-12-19,00:43:12,35.78,102.77,10,甘肃临夏州积石山县
4.0,2023-12-19,00:36:18,35.78,102.78,10,甘肃临夏州积石山县
3.9,2023-12-19,00:24:49,35.73,102.78,10,甘肃临夏州积石山县
6.2,2023-12-18,23:59:30,35.70,102.79,10,甘肃临夏州积石山县
3.1,2023-12-17,12:17:19,37.01,76.23,80,新疆喀什地区叶城县
5.6,2023-12-16,14:10:52,-24.30,-180.00,550,斐济群岛以南
3.0,2023-12-16,06:39:39,39.24,77.41,10,新疆喀什地区巴楚县
3.6,2023-12-15,09:01:17,40.84,84.13,17,新疆巴音郭楞州尉犁县
2.3,2023-12-15,08:03:38,39.46,118.04,11,河北唐山市丰南区
3.8,2023-12-14,10:38:59,29.28,105.49,8,四川泸州市泸县
3.0,2023-12-14,05:21:10,39.98,118.04,9,河北唐山市遵化市
3.3,2023-12-13,23:33:33,33.19,88.37,10,西藏那曲市双湖县
3.1,2023-12-13,08:05:15,36.78,77.13,80,新疆喀什地区叶城县
3.0,2023-12-12,23:41:21,38.43,76.05,22,新疆克孜勒苏州阿克陶县
5.8,2023-12-12,12:00:17,-18.00,-175.25,280,汤加群岛
3.0,2023-12-12,03:59:42,39.78,74.52,10,新疆克孜勒苏州乌恰县
6.1,2023-12-11,14:33:32,-18.80,-175.35,270,汤加群岛
4.4,2023-12-09,14:19:25,24.43,122.72,40,台湾宜兰县海域
5.6,2023-12-08,15:20:03,-20.60,169.50,100,瓦努阿图群岛
3.0,2023-12-08,09:47:40,37.64,77.78,22,新疆和田地区皮山县
5.5,2023-12-08,08:41:03,-8.30,157.25,10,所罗门群岛
5.3,2023-12-08,04:03:40,18.35,-98.65,60,墨西哥
3.8,2023-12-07,23:01:45,34.90,119.86,8,江苏连云港市赣榆区海域
7.1,2023-12-07,20:56:31,-20.70,169.50,50,瓦努阿图群岛
5.2,2023-12-07,12:15:38,41.20,49.80,50,里海
3.3,2023-12-06,20:06:56,40.34,111.99,16,内蒙古呼和浩特市和林格尔县
3.0,2023-12-06,00:16:38,44.24,83.81,10,新疆塔城地区乌苏市
5.8,2023-12-05,21:36:38,9.20,126.85,30,菲律宾棉兰老岛附近海域
5.6,2023-12-05,17:10:07,9.00,126.85,50,菲律宾棉兰老岛附近海域
5.7,2023-12-05,16:23:54,13.90,120.65,75,菲律宾
5.5,2023-12-05,15:31:32,12.20,47.50,10,亚丁湾
3.6,2023-12-05,08:48:23,38.33,75.36,136,新疆克孜勒苏州阿克陶县
6.9,2023-12-04,03:49:39,8.90,126.85,50,菲律宾棉兰老岛附近海域
5.9,2023-12-03,22:36:03,8.60,127.15,50,菲律宾棉兰老岛附近海域
6.6,2023-12-03,18:35:56,8.45,126.85,50,菲律宾棉兰老岛附近海域
3.0,2023-12-03,15:14:51,24.26,98.10,10,云南德宏州芒市
5.9,2023-12-03,04:52:20,8.45,126.85,40,菲律宾棉兰老岛附近海域
6.2,2023-12-03,02:09:26,8.50,127.10,40,菲律宾棉兰老岛附近海域
6.0,2023-12-03,01:40:15,8.45,126.80,40,菲律宾棉兰老岛附近海域
6.1,2023-12-03,00:03:43,8.40,126.95,40,菲律宾棉兰老岛附近海域
7.6,2023-12-02,22:37:06,8.65,126.45,40,菲律宾棉兰老岛附近海域
5.8,2023-12-02,15:55:39,-19.20,-69.10,100,智利北部
4.0,2023-12-02,02:24:56,24.26,98.08,10,云南德宏州芒市
3.6,2023-12-02,02:16:23,24.25,98.07,10,云南德宏州芒市
3.0,2023-12-02,01:44:39,24.25,98.07,10,云南德宏州芒市
5.0,2023-12-02,01:36:33,24.26,98.08,10,云南德宏州芒市
3.0,2023-12-01,23:51:59,39.27,97.30,11,甘肃酒泉市肃北县
3.2,2023-12-01,23:04:50,39.33,97.29,10,甘肃酒泉市肃北县
5.0,2023-12-01,22:55:56,39.30,97.27,9,甘肃酒泉市肃北县
3.3,2023-12-01,09:25:11,27.16,104.16,8,贵州毕节市威宁县
3.8,2023-12-01,04:36:26,28.43,104.76,8,四川宜宾市珙县
3.2,2023-11-30,20:17:11,40.17,106.08,15,内蒙古阿拉善盟阿拉善左旗
4.1,2023-11-30,19:25:40,40.20,106.13,21,内蒙古阿拉善盟阿拉善左旗
5.8,2023-11-30,15:54:58,-56.30,-27.35,100,南桑威奇群岛
3.7,2023-11-30,03:44:10,37.53,112.47,28,山西太原市清徐县
3.0,2023-11-29,20:40:42,36.42,76.07,10,新疆喀什地区塔什库尔干县
3.0,2023-11-28,07:38:47,41.19,83.70,10,新疆阿克苏地区库车市
3.4,2023-11-28,07:30:13,25.46,105.75,10,贵州黔西南州贞丰县
3.7,2023-11-28,06:15:47,28.60,87.82,10,西藏日喀则市萨迦县
6.6,2023-11-28,05:46:47,-3.70,143.95,20,巴布亚新几内亚附近海域
3.0,2023-11-27,22:46:46,24.67,102.94,10,云南玉溪市澄江市
3.0,2023-11-26,23:33:59,30.27,96.96,10,西藏昌都市八宿县
4.8,2023-11-26,12:31:09,24.00,122.50,18,台湾花莲县海域
4.2,2023-11-26,12:11:43,23.99,122.46,17,台湾花莲县海域
3.1,2023-11-26,05:02:24,41.00,82.86,20,新疆阿克苏地区沙雅县
3.9,2023-11-25,20:06:53,43.11,94.24,10,新疆哈密市伊州区
6.9,2023-11-24,17:05:02,20.15,145.55,10,马里亚纳群岛
4.0,2023-11-24,13:33:11,38.01,106.26,13,宁夏银川市灵武市
4.0,2023-11-23,00:13:13,39.51,77.23,17,新疆喀什地区伽师县
6.9,2023-11-22,12:47:30,-15.05,168.15,10,瓦努阿图群岛
6.1,2023-11-22,10:48:52,1.75,127.20,120,印尼哈马黑拉岛附近海域
3.3,2023-11-21,03:26:39,36.53,83.81,10,新疆和田地区民丰县
5.9,2023-11-20,05:01:31,41.15,142.50,80,日本北海道附近海域
5.9,2023-11-19,12:01:36,18.80,145.50,600,马里亚纳群岛
3.3,2023-11-18,17:48:35,36.55,106.31,15,宁夏中卫市海原县
3.4,2023-11-18,05:24:02,46.81,86.13,30,新疆塔城地区和布克赛尔县
6.8,2023-11-17,16:14:13,5.55,125.15,70,菲律宾棉兰老岛
5.9,2023-11-17,09:37:09,21.20,99.35,10,缅甸
3.6,2023-11-16,11:33:04,37.34,78.27,18,新疆和田地区皮山县
5.8,2023-11-16,07:26:17,1.90,124.19,310,印尼米纳哈沙半岛附近海域
3.6,2023-11-16,01:27:56,41.95,82.61,10,新疆阿克苏地区拜城县
4.0,2023-11-15,22:17:32,44.71,80.49,10,新疆伊犁州霍尔果斯市
5.9,2023-11-14,20:52:25,-6.10,148.20,60,新不列颠岛地区
5.7,2023-11-14,15:00:57,-3.70,87.00,10,南印度洋
3.4,2023-11-14,05:38:48,40.68,77.95,10,新疆克孜勒苏州阿合奇县
5.6,2023-11-13,22:40:54,-30.90,-179.55,420,新西兰克马德克群岛
5.3,2023-11-13,20:16:37,38.52,72.20,20,塔吉克斯坦
5.7,2023-11-13,15:43:35,-3.85,151.00,20,新爱尔兰地区
3.6,2023-11-13,08:56:31,26.98,102.79,15,四川凉山州宁南县
5.8,2023-11-12,12:51:42,-3.40,151.85,50,新爱尔兰地区
3.0,2023-11-12,05:21:10,41.97,82.58,10,新疆阿克苏地区拜城县
5.9,2023-11-11,04:45:11,-6.15,130.20,10,班达海
4.7,2023-11-11,00:54:38,23.42,121.70,30,台湾台东县海域
5.8,2023-11-10,18:10:01,45.60,151.40,100,千岛群岛
5.7,2023-11-10,11:50:36,-6.00,130.15,10,班达海
5.5,2023-11-10,04:53:46,-5.50,145.90,60,巴布亚新几内亚
3.3,2023-11-08,23:34:35,40.48,77.74,10,新疆克孜勒苏州阿合奇县
6.7,2023-11-08,21:02:05,-6.15,129.95,10,班达海
3.1,2023-11-08,19:13:59,40.51,77.66,10,新疆克孜勒苏州阿图什市
5.4,2023-11-08,18:27:50,31.55,-103.90,10,美国得克萨斯州
7.1,2023-11-08,12:52:52,-6.55,129.45,10,班达海
3.1,2023-11-08,07:25:37,33.71,89.36,8,西藏那曲市双湖县
3.2,2023-11-08,03:46:14,40.51,77.69,10,新疆克孜勒苏州阿图什市
3.3,2023-11-08,03:34:17,40.53,77.69,10,新疆克孜勒苏州阿图什市
4.3,2023-11-08,02:52:00,40.54,77.68,12,新疆克孜勒苏州阿图什市
3.6,2023-11-08,02:31:32,40.55,77.74,11,新疆克孜勒苏州阿合奇县
4.3,2023-11-08,02:15:03,40.55,77.64,11,新疆克孜勒苏州阿图什市
5.4,2023-11-08,02:09:48,40.47,77.72,10,新疆克孜勒苏州阿图什市
3.0,2023-11-07,10:07:01,42.07,85.62,10,新疆巴音郭楞州库尔勒市
3.1,2023-11-06,13:42:49,38.89,75.23,10,新疆克孜勒苏州阿克陶县
5.6,2023-11-05,23:29:23,-20.50,169.20,40,瓦努阿图群岛
3.1,2023-11-05,12:59:54,39.36,97.29,14,甘肃酒泉市肃北县
4.3,2023-11-04,19:24:11,22.08,112.25,8,广东江门市恩平市
5.9,2023-11-04,02:02:54,28.80,82.10,10,尼泊尔
5.3,2023-11-02,14:50:27,11.50,125.90,20,菲律宾群岛
6.1,2023-11-02,05:04:44,-10.20,123.80,20,帝汶岛地区
6.7,2023-10-31,20:33:42,-28.75,-71.65,20,智利中部沿岸近海
3.7,2023-10-31,19:13:53,40.66,83.75,36,新疆阿克苏地区沙雅县
6.5,2023-10-31,19:10:55,-17.60,-178.95,550,斐济群岛
2.6,2023-10-31,10:01:58,39.48,116.75,10,河北廊坊市安次区
4.1,2023-10-31,08:40:03,36.48,83.73,10,新疆和田地区民丰县
3.9,2023-10-31,06:24:08,36.56,83.74,10,新疆和田地区民丰县
3.6,2023-10-31,02:12:38,41.14,83.31,22,新疆阿克苏地区库车市
3.8,2023-10-30,20:30:05,40.87,84.12,16,新疆巴音郭楞州尉犁县
3.0,2023-10-30,16:56:46,41.13,83.28,20,新疆阿克苏地区沙雅县
3.1,2023-10-30,07:00:34,41.09,83.58,10,新疆阿克苏地区沙雅县
3.2,2023-10-30,06:39:14,41.08,83.59,10,新疆阿克苏地区沙雅县
3.1,2023-10-30,04:53:45,39.63,82.79,25,新疆阿克苏地区沙雅县
3.2,2023-10-29,20:58:47,36.53,83.81,10,新疆和田地区民丰县
6.2,2023-10-29,12:32:09,-19.45,168.65,70,瓦努阿图群岛
3.0,2023-10-29,01:34:46,42.30,87.14,20,新疆巴音郭楞州和硕县
3.2,2023-10-29,00:26:24,41.02,83.43,16,新疆阿克苏地区沙雅县
5.4,2023-10-28,11:44:11,59.05,-136.40,10,美国阿拉斯加州
3.0,2023-10-28,05:30:01,44.64,93.04,10,新疆哈密市巴里坤县
3.9,2023-10-28,01:10:54,36.52,83.78,10,新疆和田地区民丰县
3.2,2023-10-28,00:16:38,31.50,88.26,10,西藏那曲市申扎县
2.9,2023-10-27,13:03:04,39.48,97.31,10,甘肃酒泉市肃北县
3.7,2023-10-27,12:38:02,36.51,83.80,10,新疆和田地区民丰县
5.4,2023-10-27,05:49:34,-28.70,-70.35,100,智利
5.4,2023-10-27,03:00:20,-7.25,27.60,10,刚果（金）
3.3,2023-10-27,02:34:17,37.74,101.43,8,青海海北州门源县
5.8,2023-10-27,00:05:12,55.90,164.80,10,科曼多尔群岛
5.5,2023-10-26,13:44:19,-7.40,129.20,140,印尼班达海
3.0,2023-10-26,04:18:30,36.51,83.78,10,新疆和田地区民丰县
4.1,2023-10-26,02:35:36,36.53,83.77,10,新疆和田地区民丰县
3.7,2023-10-26,02:03:34,39.30,97.27,11,甘肃酒泉市肃北县
3.0,2023-10-26,00:38:21,36.49,83.77,10,新疆和田地区民丰县
3.1,2023-10-26,00:35:18,36.51,83.79,10,新疆和田地区民丰县
3.0,2023-10-25,23:55:28,36.53,83.77,10,新疆和田地区民丰县
4.0,2023-10-25,23:52:13,36.51,83.78,10,新疆和田地区民丰县
3.1,2023-10-25,23:50:12,36.51,83.79,10,新疆和田地区民丰县
3.3,2023-10-25,19:34:14,36.51,83.77,10,新疆和田地区民丰县
4.0,2023-10-25,12:48:49,43.15,127.89,10,吉林延边州敦化市
3.1,2023-10-25,03:33:56,39.31,97.28,10,甘肃酒泉市肃北县
3.6,2023-10-25,02:02:44,33.71,87.62,10,西藏那曲市双湖县
3.1,2023-10-25,01:00:06,36.51,83.78,10,新疆和田地区民丰县
5.5,2023-10-24,19:32:13,39.43,97.28,10,甘肃酒泉市肃北县
3.3,2023-10-24,11:50:35,41.25,83.82,10,新疆阿克苏地区库车市
4.4,2023-10-24,10:54:24,24.03,122.61,10,台湾花莲县海域
5.9,2023-10-24,07:05:20,23.96,122.83,10,台湾花莲县海域
3.2,2023-10-24,06:47:22,31.37,86.61,10,西藏那曲市尼玛县
4.0,2023-10-23,21:19:20,22.94,121.42,25,台湾台东县海域
5.8,2023-10-23,18:10:14,-29.80,-177.00,10,新西兰克马德克群岛
4.4,2023-10-23,16:43:36,31.51,88.26,8,西藏那曲市申扎县
4.7,2023-10-23,14:10:39,33.57,91.30,10,青海海西州唐古拉地区
3.2,2023-10-23,12:04:48,39.39,97.32,8,甘肃酒泉市肃北县
5.0,2023-10-23,03:20:22,23.32,117.39,10,广东汕头市南澳县海域
4.7,2023-10-22,23:14:12,39.38,97.33,10,甘肃酒泉市肃北县
5.0,2023-10-22,09:54:18,27.81,84.74,10,尼泊尔
3.0,2023-10-21,17:08:23,34.67,103.85,10,甘肃甘南州临潭县
3.0,2023-10-21,04:50:27,36.51,83.75,10,新疆和田地区民丰县
3.3,2023-10-21,03:52:43,36.47,83.79,20,新疆和田地区民丰县
3.1,2023-10-20,17:56:34,39.64,82.82,25,新疆阿克苏地区沙雅县
3.0,2023-10-20,09:12:54,36.53,83.77,11,新疆和田地区民丰县
3.1,2023-10-20,08:52:51,36.52,83.78,10,新疆和田地区民丰县
5.8,2023-10-20,08:04:20,12.30,143.45,20,马里亚纳群岛
3.1,2023-10-20,05:04:42,24.19,99.28,14,云南临沧市永德县
5.9,2023-10-20,02:58:50,7.65,126.35,20,菲律宾棉兰老岛
3.7,2023-10-19,17:59:12,41.31,83.78,12,新疆阿克苏地区库车市
3.1,2023-10-18,22:49:59,36.04,77.80,10,新疆和田地区皮山县
3.0,2023-10-18,10:07:55,21.74,111.86,10,广东阳江市江城区
5.3,2023-10-18,00:26:50,27.70,56.10,10,伊朗
3.0,2023-10-17,16:01:59,41.27,83.45,10,新疆阿克苏地区库车市
5.5,2023-10-17,13:10:04,27.50,56.05,10,伊朗
5.3,2023-10-17,12:59:23,27.55,56.15,10,伊朗
3.4,2023-10-17,02:40:36,31.25,100.83,14,四川甘孜州炉霍县
6.4,2023-10-16,19:35:30,52.40,-176.80,180,安德烈亚诺夫群岛
5.5,2023-10-16,18:42:11,25.00,125.70,30,琉球群岛西南部
3.0,2023-10-16,15:30:04,29.61,101.98,12,四川甘孜州泸定县
2.8,2023-10-16,11:07:15,21.74,111.77,13,广东阳江市阳西县
5.2,2023-10-15,19:15:38,31.00,49.40,10,伊朗
3.2,2023-10-15,18:50:33,34.68,89.80,9,青海海西州唐古拉地区
6.4,2023-10-15,11:36:01,34.75,62.30,10,阿富汗
3.4,2023-10-15,05:53:05,31.72,79.32,10,西藏阿里地区札达县
3.3,2023-10-15,02:22:16,35.52,89.60,9,西藏那曲市安多县
4.2,2023-10-14,22:04:05,23.92,122.36,19,台湾花莲县海域
4.9,2023-10-14,15:53:30,24.03,122.31,20,台湾花莲县海域
5.6,2023-10-14,14:34:08,-31.50,-179.90,400,新西兰克马德克群岛
5.8,2023-10-13,11:44:33,-51.75,139.65,10,麦夸里岛以西海域
2.3,2023-10-13,08:37:05,39.05,119.61,8,河北唐山市乐亭县海域
3.0,2023-10-12,22:02:43,41.28,83.28,10,新疆阿克苏地区库车市
6.3,2023-10-12,04:04:58,-52.00,139.75,10,麦夸里岛以西海域
5.4,2023-10-11,18:36:56,23.24,121.32,14,台湾花莲县
6.3,2023-10-11,08:41:55,34.55,61.95,10,阿富汗
3.3,2023-10-11,08:15:23,41.30,83.78,10,新疆阿克苏地区库车市
6.0,2023-10-10,18:01:28,-22.95,-66.35,260,阿根廷
5.6,2023-10-10,08:13:14,-23.65,-63.60,530,阿根廷
5.1,2023-10-10,02:23:08,49.05,21.75,10,斯洛伐克
3.6,2023-10-09,03:46:32,30.83,86.36,25,西藏那曲市尼玛县
5.9,2023-10-09,02:07:39,-3.10,148.35,10,俾斯麦海
4.5,2023-10-09,00:17:48,41.89,82.26,10,新疆阿克苏地区拜城县
3.0,2023-10-08,21:37:02,31.72,79.33,10,西藏阿里地区札达县
3.0,2023-10-08,12:33:42,39.22,78.85,26,新疆喀什地区巴楚县
5.6,2023-10-08,00:20:35,-5.65,145.90,40,巴布亚新几内亚
3.2,2023-10-08,00:15:59,41.86,82.25,15,新疆阿克苏地区拜城县
3.3,2023-10-07,21:21:37,31.91,116.23,15,安徽六安市裕安区
5.6,2023-10-07,21:10:40,-5.65,145.90,40,巴布亚新几内亚
5.7,2023-10-07,17:18:47,-5.15,146.00,50,巴布亚新几内亚
6.7,2023-10-07,16:40:11,-5.35,146.10,50,巴布亚新几内亚
6.8,2023-10-07,16:34:25,-5.60,146.10,50,巴布亚新几内亚
5.8,2023-10-07,15:40:31,34.65,62.15,10,阿富汗
6.2,2023-10-07,15:12:50,34.50,61.90,10,阿富汗
6.2,2023-10-07,14:41:02,34.70,61.90,10,阿富汗
4.3,2023-10-07,14:04:08,41.89,82.24,25,新疆阿克苏地区拜城县
4.3,2023-10-07,13:09:31,41.86,82.21,21,新疆阿克苏地区拜城县
5.9,2023-10-06,09:31:24,30.05,140.35,10,日本本州东南海域
3.1,2023-10-05,23:29:01,37.58,75.46,92,新疆喀什地区塔什库尔干县
5.5,2023-10-05,14:22:14,29.85,139.95,10,日本本州东南海域
6.2,2023-10-05,10:00:00,29.90,140.05,10,日本本州东南海域
3.2,2023-10-05,01:52:36,40.19,83.12,24,新疆阿克苏地区沙雅县
6.4,2023-10-04,19:21:47,5.40,126.25,120,棉兰老岛附近海域
5.3,2023-10-04,11:35:11,19.30,121.10,30,菲律宾群岛
5.4,2023-10-03,23:22:39,29.90,139.95,10,日本本州东南海域
6.0,2023-10-03,19:38:02,29.95,140.45,20,日本本州东南海域
5.5,2023-10-03,17:21:02,29.42,81.04,10,尼泊尔
3.6,2023-10-03,11:00:28,30.84,86.35,10,西藏那曲市尼玛县
5.7,2023-10-03,09:56:20,-4.45,153.55,100,新爱尔兰地区
3.4,2023-10-03,01:38:47,41.45,83.65,11,新疆阿克苏地区库车市
5.0,2023-10-02,22:03:43,38.80,71.75,20,塔吉克斯坦
5.0,2023-10-02,20:45:20,25.75,90.65,30,印度
3.6,2023-10-02,12:41:26,27.17,103.94,10,贵州毕节市威宁县
3.3,2023-10-01,22:16:42,33.62,97.48,15,四川甘孜州石渠县
4.2,2023-10-01,19:47:01,33.64,97.46,10,四川甘孜州石渠县
4.4,2023-10-01,19:34:07,33.63,97.51,14,四川甘孜州石渠县
3.3,2023-09-30,19:19:41,39.59,74.75,10,新疆克孜勒苏州乌恰县
3.0,2023-09-28,23:47:39,43.67,84.55,10,新疆伊犁州尼勒克县
5.8,2023-09-28,22:40:28,-15.50,167.90,160,瓦努阿图群岛
3.1,2023-09-28,22:10:01,40.07,75.78,14,新疆克孜勒苏州乌恰县
3.1,2023-09-28,08:56:54,39.41,83.23,10,新疆和田地区民丰县
6.0,2023-09-26,09:39:46,4.60,127.45,110,印尼塔劳群岛
3.0,2023-09-26,04:17:52,35.57,99.13,10,青海果洛州玛多县
3.2,2023-09-26,01:13:29,41.12,83.17,10,新疆阿克苏地区沙雅县
3.6,2023-09-25,13:56:28,41.76,81.45,10,新疆阿克苏地区拜城县
3.4,2023-09-24,00:44:11,39.81,96.58,11,甘肃酒泉市玉门市
5.7,2023-09-22,22:59:17,-7.10,129.85,150,印尼班达海
3.1,2023-09-22,21:38:27,37.91,77.82,24,新疆喀什地区叶城县
6.0,2023-09-22,05:11:51,-14.10,167.00,190,瓦努阿图群岛
3.7,2023-09-21,18:55:57,40.20,77.54,20,新疆克孜勒苏州阿图什市
3.1,2023-09-20,01:51:30,35.93,108.65,24,陕西延安市富县
5.8,2023-09-19,14:22:36,31.10,142.20,50,日本本州东南海域
3.2,2023-09-19,12:23:15,41.21,83.55,20,新疆阿克苏地区库车市
5.4,2023-09-19,03:33:02,38.45,142.10,80,日本本州东岸近海
6.4,2023-09-18,21:21:23,26.45,125.35,170,东海海域
3.4,2023-09-17,22:40:35,28.40,104.59,8,四川宜宾市高县
3.0,2023-09-17,10:00:23,34.48,99.12,9,青海果洛州玛沁县
2.9,2023-09-17,01:09:04,25.38,99.25,17,云南保山市隆阳区
3.1,2023-09-15,17:55:47,30.11,102.80,16,四川雅安市天全县
5.5,2023-09-15,03:58:44,-6.20,149.70,60,巴布亚新几内亚
6.1,2023-09-13,19:49:14,-35.85,-98.05,10,西智利海岭
3.0,2023-09-13,18:09:39,24.57,102.86,10,云南玉溪市澄江市
6.3,2023-09-12,19:03:17,19.35,121.05,10,菲律宾群岛地区
2.3,2023-09-11,23:45:23,39.12,116.63,10,河北廊坊市霸州市
6.1,2023-09-11,20:51:34,1.10,127.45,160,印尼哈马黑拉岛
2.9,2023-09-11,18:15:57,37.48,113.67,10,山西晋中市昔阳县
3.1,2023-09-11,00:22:34,36.59,83.76,10,新疆和田地区民丰县
3.4,2023-09-10,12:45:23,35.87,114.15,10,河南鹤壁市淇滨区
3.0,2023-09-10,12:01:08,30.38,94.84,8,西藏林芝市波密县
3.2,2023-09-10,08:10:47,30.35,94.85,10,西藏林芝市波密县
3.4,2023-09-10,01:13:05,24.97,97.87,10,云南德宏州盈江县
5.9,2023-09-09,22:43:24,-0.10,119.75,10,印度尼西亚
6.9,2023-09-09,06:10:58,31.00,-8.55,10,摩洛哥
3.7,2023-09-09,04:55:03,41.11,83.62,16,新疆阿克苏地区库车市
4.3,2023-09-09,03:33:34,30.35,94.84,10,西藏林芝市波密县
6.1,2023-09-09,00:37:15,19.30,-105.10,10,墨西哥哈利斯科州沿岸近海
6.5,2023-09-08,17:09:53,-32.95,-179.40,100,新西兰克马德克群岛以南海域
3.9,2023-09-08,03:26:21,43.07,85.24,13,新疆巴音郭楞州和静县
6.4,2023-09-07,07:48:05,-30.30,-71.45,50,智利
3.1,2023-09-07,02:27:07,44.55,86.86,10,新疆昌吉州呼图壁县
3.1,2023-09-06,16:46:23,29.52,101.96,12,四川甘孜州泸定县
3.6,2023-09-06,14:26:13,29.59,104.87,8,四川内江市资中县
2.5,2023-09-05,23:36:10,43.79,87.71,22,新疆乌鲁木齐市水磨沟区（有感）
5.7,2023-09-05,23:03:18,-5.30,142.75,70,巴布亚新几内亚
4.9,2023-09-05,17:30:42,23.51,120.42,20,台湾嘉义县
5.4,2023-09-05,08:55:24,-23.95,175.55,10,斐济群岛以南海域
3.3,2023-09-05,02:30:21,43.89,88.41,24,新疆昌吉州阜康市
3.9,2023-09-04,19:48:01,41.37,83.84,10,新疆阿克苏地区库车市
3.9,2023-09-04,10:53:23,39.64,82.51,21,新疆阿克苏地区沙雅县
3.2,2023-09-04,06:49:30,36.04,77.78,10,新疆和田地区皮山县
3.4,2023-09-03,22:30:13,31.33,103.67,14,四川成都市都江堰市
3.3,2023-09-03,18:22:44,23.51,99.49,11,云南临沧市耿马县
3.3,2023-09-02,09:06:15,41.38,78.82,12,新疆阿克苏地区乌什县
6.1,2023-09-02,04:49:54,50.60,156.45,140,千岛群岛
3.3,2023-09-02,01:00:44,22.85,107.60,10,广西崇左市江州区
3.6,2023-09-01,23:26:06,34.65,81.90,10,西藏阿里地区日土县
3.0,2023-09-01,16:13:07,36.54,83.76,10,新疆和田地区民丰县
2.7,2023-09-01,15:34:06,40.14,116.48,17,北京顺义区
3.3,2023-08-31,16:54:40,34.60,81.94,10,西藏阿里地区日土县
3.2,2023-08-31,12:42:14,41.11,83.58,20,新疆阿克苏地区沙雅县
3.1,2023-08-31,07:20:30,36.14,81.30,10,新疆和田地区策勒县
3.0,2023-08-30,03:41:09,38.40,76.40,15,新疆克孜勒苏州阿克陶县
3.9,2023-08-29,17:30:58,41.29,83.79,10,新疆阿克苏地区库车市
4.6,2023-08-29,16:08:42,39.39,78.09,10,新疆喀什地区巴楚县
2.3,2023-08-29,15:31:43,39.88,118.87,15,河北秦皇岛市卢龙县
3.1,2023-08-29,13:23:29,41.32,83.80,10,新疆阿克苏地区库车市
5.5,2023-08-29,12:59:23,10.10,-78.30,40,巴拿马以北海域
5.9,2023-08-29,12:34:43,-5.70,130.00,220,印尼班达海
3.7,2023-08-29,12:02:28,41.32,83.78,15,新疆阿克苏地区库车市
5.9,2023-08-29,04:08:07,-7.15,117.20,470,印尼巴厘海
7.1,2023-08-29,03:55:32,-6.80,116.60,520,印尼巴厘海
5.3,2023-08-28,05:45:00,5.25,-76.70,10,哥伦比亚
3.0,2023-08-27,21:32:14,34.72,98.05,9,青海果洛州玛多县
3.0,2023-08-27,12:49:15,38.96,102.61,22,甘肃武威市民勤县
3.9,2023-08-26,19:23:02,34.66,81.93,10,西藏阿里地区日土县
3.5,2023-08-26,05:43:41,33.56,88.68,10,西藏那曲市双湖县
5.8,2023-08-25,06:48:21,39.50,143.55,10,日本本州东海岸远海
2.8,2023-08-25,00:33:55,23.77,114.62,12,广东河源市源城区（有感）
3.2,2023-08-24,16:22:27,34.12,84.94,10,西藏阿里地区改则县
6.1,2023-08-23,22:22:42,-26.95,-63.50,580,阿根廷
2.8,2023-08-23,18:40:55,39.42,122.18,10,辽宁大连市普兰店区
4.6,2023-08-23,18:19:47,39.42,122.20,8,辽宁大连市普兰店区
3.0,2023-08-23,05:09:44,30.39,94.82,10,西藏林芝市波密县
4.1,2023-08-23,02:46:49,30.33,94.91,10,西藏林芝市波密县
3.1,2023-08-21,08:03:59,23.24,101.70,10,云南普洱市墨江县
5.9,2023-08-21,03:59:48,-55.90,-27.30,50,南桑威奇群岛
4.3,2023-08-20,23:28:23,39.91,77.77,18,新疆喀什地区伽师县
3.0,2023-08-20,16:24:02,41.08,83.58,10,新疆阿克苏地区沙雅县
3.5,2023-08-20,07:06:53,30.37,94.84,10,西藏林芝市波密县
4.3,2023-08-19,22:46:05,30.37,94.84,10,西藏林芝市波密县
4.2,2023-08-19,15:31:49,29.58,104.88,8,四川内江市市中区
3.2,2023-08-19,06:21:42,33.68,92.86,10,青海玉树州治多县
3.3,2023-08-19,01:49:34,28.11,87.11,20,西藏日喀则市定日县
5.3,2023-08-18,15:57:57,-0.30,-19.70,10,中大西洋海岭中部
4.0,2023-08-18,10:39:23,29.58,104.87,10,四川内江市市中区
3.4,2023-08-18,09:52:24,29.60,104.88,10,四川内江市资中县
3.4,2023-08-18,09:30:08,29.58,104.85,10,四川内江市资中县
6.2,2023-08-18,01:04:50,4.25,-73.35,10,哥伦比亚
6.4,2023-08-16,20:47:42,-13.85,167.20,220,瓦努阿图群岛
2.9,2023-08-15,03:06:46,43.62,87.44,27,新疆乌鲁木齐市沙依巴克区（有感）
5.0,2023-08-14,22:49:47,24.80,92.15,10,孟加拉国
6.1,2023-08-14,21:51:54,13.30,147.45,10,马里亚纳群岛
4.4,2023-08-13,20:55:01,24.32,101.88,10,云南楚雄州双柏县
5.4,2023-08-13,09:43:11,20.50,121.50,60,巴坦群岛
3.6,2023-08-12,22:09:10,34.99,89.66,10,青海玉树州治多县
3.0,2023-08-12,01:04:00,41.77,82.59,11,新疆阿克苏地区拜城县
3.1,2023-08-11,09:19:43,33.64,89.32,10,西藏那曲市双湖县
6.0,2023-08-11,08:14:33,41.20,142.85,50,日本北海道附近海域
5.1,2023-08-11,01:48:02,38.25,38.15,10,土耳其
3.4,2023-08-10,17:02:47,29.39,102.17,13,四川雅安市石棉县
5.2,2023-08-10,10:00:28,-5.75,131.40,90,印尼班达海
3.2,2023-08-10,09:08:39,44.15,89.12,11,新疆昌吉州吉木萨尔县
3.6,2023-08-09,20:35:34,39.95,77.44,23,新疆克孜勒苏州阿图什市
5.8,2023-08-09,17:33:26,16.15,-93.65,120,墨西哥
5.9,2023-08-09,17:20:29,13.40,144.15,460,马里亚纳群岛
5.1,2023-08-09,15:53:26,-22.10,-65.95,250,阿根廷
3.0,2023-08-09,04:16:22,28.42,104.77,8,四川宜宾市珙县
6.2,2023-08-09,02:38:58,-15.25,-173.20,100,汤加群岛
3.2,2023-08-07,14:38:44,29.60,102.06,10,四川甘孜州泸定县
5.9,2023-08-06,08:32:46,36.45,70.55,200,阿富汗
3.0,2023-08-06,03:02:44,37.16,116.34,9,山东德州市平原县
5.5,2023-08-06,02:33:59,37.16,116.34,10,山东德州市平原县
5.9,2023-08-06,00:01:48,36.45,70.85,190,阿富汗
6.1,2023-08-05,15:20:05,-28.20,-63.20,590,阿根廷
3.1,2023-08-05,08:23:45,39.47,77.28,15,新疆喀什地区伽师县
3.1,2023-08-05,08:05:45,40.54,83.44,16,新疆阿克苏地区沙雅县
5.7,2023-08-04,19:48:39,-0.40,125.20,50,印尼马鲁古海
4.2,2023-08-04,11:05:03,33.14,92.06,10,青海海西州唐古拉地区
5.6,2023-08-04,08:31:44,-6.25,113.05,590,印尼爪哇岛附近海域
5.6,2023-08-04,03:33:52,54.85,-161.30,40,美国阿拉斯加州以南海域
3.2,2023-08-03,15:41:12,37.97,75.66,119,新疆克孜勒苏州阿克陶县
5.9,2023-08-03,09:25:21,5.60,-82.65,10,巴拿马以南海域
3.0,2023-08-03,00:09:28,31.48,105.18,16,四川绵阳市梓潼县
5.7,2023-08-02,09:32:33,-21.35,-179.15,600,斐济群岛
5.5,2023-08-02,01:15:23,15.20,39.50,10,厄立特里亚
5.3,2023-08-02,00:49:47,54.70,168.25,10,科曼多尔群岛地区
3.0,2023-08-01,12:11:46,29.50,104.81,10,四川内江市威远县
4.4,2023-08-01,01:56:43,25.88,104.09,9,云南曲靖市沾益区
2.8,2023-07-31,17:38:15,41.16,114.41,10,河北张家口市张北县
3.1,2023-07-31,12:02:57,31.95,92.89,10,西藏那曲市比如县
2.9,2023-07-31,04:13:50,25.63,99.09,10,云南大理州云龙县
3.7,2023-07-31,02:33:42,30.29,94.88,10,西藏林芝市波密县
4.2,2023-07-30,12:15:10,30.27,94.81,10,西藏林芝市波密县
5.7,2023-07-30,09:10:33,12.90,-90.80,30,危地马拉沿岸近海
3.7,2023-07-29,21:00:09,44.24,83.39,20,新疆博尔塔拉州精河县
5.9,2023-07-29,03:23:46,10.50,93.35,100,印度安达曼群岛地区
5.8,2023-07-28,15:58:51,-30.60,59.95,10,西南印度洋海岭
3.4,2023-07-28,11:20:27,30.37,94.85,10,西藏林芝市波密县
4.2,2023-07-28,06:13:54,30.34,94.90,10,西藏林芝市波密县
3.1,2023-07-27,02:33:05,40.97,83.05,17,新疆阿克苏地区沙雅县
6.4,2023-07-26,20:44:38,-14.70,167.85,10,瓦努阿图群岛
5.5,2023-07-25,18:35:20,17.20,145.60,400,马里亚纳群岛
5.3,2023-07-25,13:44:50,37.40,35.95,10,土耳其
5.4,2023-07-25,08:25:11,-9.15,123.90,80,帝汶岛地区
6.0,2023-07-24,10:49:58,-24.05,178.85,550,斐济群岛以南海域
3.0,2023-07-23,21:04:36,30.76,80.25,10,西藏阿里地区札达县
3.7,2023-07-23,17:19:09,29.64,104.61,8,四川内江市威远县
3.2,2023-07-23,15:04:20,34.06,91.30,10,青海海西州唐古拉地区
3.3,2023-07-23,09:00:27,29.63,104.61,8,四川内江市威远县
3.2,2023-07-22,16:52:13,40.64,78.31,12,新疆克孜勒苏州阿合奇县
6.6,2023-07-19,08:22:08,12.70,-88.10,70,尼加拉瓜沿岸近海
3.1,2023-07-19,07:55:14,38.67,98.87,9,青海海北州祁连县
3.1,2023-07-19,07:25:29,36.57,82.27,10,新疆和田地区于田县
3.0,2023-07-18,03:42:46,25.25,100.82,10,云南大理州祥云县
3.2,2023-07-17,16:22:55,35.39,84.72,10,西藏阿里地区改则县
5.4,2023-07-17,12:42:16,-1.50,126.50,20,印尼马鲁古海
6.7,2023-07-17,11:05:09,-38.10,-70.35,180,阿根廷
7.2,2023-07-16,14:48:21,54.55,-160.95,20,美国阿拉斯加州以南海域
3.0,2023-07-16,04:57:00,41.12,83.56,19,新疆阿克苏地区沙雅县
3.7,2023-07-16,03:42:47,38.31,89.34,10,新疆巴音郭楞州若羌县
3.4,2023-07-15,18:39:36,39.95,83.64,10,新疆阿克苏地区沙雅县
6.2,2023-07-14,17:29:02,15.10,-93.80,40,墨西哥沿岸近海
3.4,2023-07-12,21:48:24,41.13,83.63,18,新疆阿克苏地区库车市
4.2,2023-07-11,06:49:10,40.05,83.28,50,新疆阿克苏地区沙雅县
6.6,2023-07-11,04:28:25,20.00,-61.20,10,背风群岛
4.1,2023-07-10,06:11:34,24.08,121.50,20,台湾花莲县
5.6,2023-07-10,01:11:32,-33.25,-69.95,90,阿根廷
3.4,2023-07-09,16:54:56,40.84,78.33,17,新疆克孜勒苏州阿合奇县
4.7,2023-07-09,05:22:06,22.10,121.50,10,台湾屏东县海域
5.4,2023-07-09,03:47:14,22.03,121.49,10,台湾屏东县海域
3.1,2023-07-07,23:55:34,43.83,112.63,15,内蒙古锡林郭勒盟苏尼特左旗
3.0,2023-07-07,22:13:11,40.09,77.21,15,新疆克孜勒苏州阿图什市
2.9,2023-07-07,05:38:38,34.29,113.46,8,河南许昌市禹州市
4.1,2023-07-07,02:03:55,23.08,121.22,10,台湾台东县
5.9,2023-07-06,08:31:54,-23.90,-68.05,130,智利
3.4,2023-07-06,03:25:04,40.13,77.12,10,新疆克孜勒苏州阿图什市
4.3,2023-07-04,10:08:02,38.45,76.45,13,新疆克孜勒苏州阿克陶县
3.8,2023-07-04,07:48:52,43.91,89.26,20,新疆昌吉州吉木萨尔县
5.4,2023-07-04,04:01:50,41.75,49.30,60,里海
3.1,2023-07-04,01:13:39,23.85,114.51,8,广东河源市东源县
3.7,2023-07-03,20:57:13,23.85,114.50,9,广东河源市东源县
5.3,2023-07-03,10:51:34,-3.90,140.25,20,印尼巴布亚省
3.4,2023-07-02,20:59:15,19.67,108.73,10,海南昌江县海域
6.9,2023-07-02,18:27:41,-17.85,-175.00,210,汤加群岛
3.3,2023-07-02,16:59:32,34.75,97.29,9,青海果洛州玛多县
3.4,2023-07-02,16:57:53,34.75,97.30,9,青海果洛州玛多县
3.3,2023-07-02,13:01:58,44.52,80.97,20,新疆伊犁州霍城县
3.0,2023-07-02,00:13:13,37.81,87.39,10,新疆巴音郭楞州且末县
5.0,2023-07-01,17:15:01,49.95,155.35,150,千岛群岛
5.8,2023-07-01,15:29:39,-0.25,88.60,10,南印度洋
3.7,2023-07-01,11:56:06,28.12,105.15,13,四川宜宾市兴文县
3.1,2023-07-01,09:03:42,29.20,105.35,17,四川泸州市泸县
5.9,2023-06-30,20:57:42,-8.70,110.05,80,印尼爪哇岛以南海域
3.7,2023-06-30,18:50:50,38.71,74.41,50,新疆克孜勒苏州阿克陶县
3.1,2023-06-30,18:33:08,43.35,82.51,15,新疆伊犁州新源县
5.0,2023-06-29,12:58:00,37.10,71.85,140,塔吉克斯坦
4.0,2023-06-29,00:43:34,34.35,89.02,8,西藏那曲市安多县
5.9,2023-06-28,07:38:20,42.10,134.20,450,俄罗斯东南沿岸近海
6.0,2023-06-25,15:16:58,-24.10,-175.15,10,汤加群岛
3.3,2023-06-25,09:16:14,37.56,77.91,20,新疆和田地区皮山县
3.0,2023-06-24,19:55:31,40.11,75.68,20,新疆克孜勒苏州乌恰县
5.0,2023-06-24,03:07:36,20.72,109.07,20,北部湾
5.6,2023-06-24,01:39:13,45.75,143.25,320,日本北海道地区
3.0,2023-06-21,20:25:40,39.94,82.98,10,新疆阿克苏地区沙雅县
3.3,2023-06-21,09:26:04,24.46,102.03,10,云南玉溪市峨山县
5.4,2023-06-20,16:39:16,-1.05,98.45,20,印尼苏门答腊岛南部海域
6.1,2023-06-19,19:18:12,-4.55,144.80,20,巴布亚新几内亚
3.7,2023-06-19,13:24:49,40.49,77.59,25,新疆克孜勒苏州阿图什市
5.5,2023-06-19,09:40:23,15.20,96.10,10,缅甸南岸近海
5.9,2023-06-19,05:59:20,-48.55,31.15,10,非洲以南海域
6.4,2023-06-19,04:30:23,23.30,-108.45,10,加利福尼亚湾
3.0,2023-06-18,14:18:16,37.76,101.29,9,青海海北州门源县
3.9,2023-06-18,10:58:23,35.94,79.86,10,新疆和田地区和田县
3.3,2023-06-18,09:23:56,36.32,111.74,26,山西临汾市洪洞县
3.7,2023-06-18,04:46:46,35.81,79.80,10,新疆和田地区和田县
3.8,2023-06-18,01:08:11,35.80,79.78,10,新疆和田地区和田县
4.4,2023-06-18,00:14:24,35.79,79.83,10,新疆和田地区和田县
5.6,2023-06-17,19:35:59,47.75,147.60,430,千岛群岛西北
5.9,2023-06-17,19:26:23,-23.65,-175.50,10,汤加群岛
5.3,2023-06-17,08:26:14,41.10,142.80,10,日本本州东岸近海
3.1,2023-06-17,08:05:51,39.58,82.57,20,新疆阿克苏地区沙雅县
6.2,2023-06-17,03:10:52,-23.50,-175.70,20,汤加群岛
5.8,2023-06-16,16:11:31,-23.60,-175.30,20,汤加群岛
7.2,2023-06-16,02:06:24,-22.95,-177.10,130,斐济群岛
3.2,2023-06-16,01:19:35,38.31,89.40,10,新疆巴音郭楞州若羌县
3.7,2023-06-15,21:58:09,40.14,77.46,23,新疆克孜勒苏州阿图什市
3.6,2023-06-15,11:21:27,32.44,94.24,10,西藏那曲市巴青县
6.2,2023-06-15,10:19:24,13.80,120.85,100,菲律宾
2.2,2023-06-14,22:24:41,37.12,114.78,10,河北邢台市任泽区
3.0,2023-06-14,13:39:40,38.16,88.79,9,新疆巴音郭楞州若羌县
4.1,2023-06-14,04:17:56,41.71,80.81,10,新疆阿克苏地区温宿县
5.2,2023-06-13,16:03:43,33.10,75.80,20,克什米尔地区
3.6,2023-06-13,08:48:30,40.18,83.80,18,新疆阿克苏地区沙雅县
3.7,2023-06-13,05:52:59,33.10,86.73,10,西藏那曲市尼玛县
3.3,2023-06-12,00:04:18,43.38,88.98,19,新疆吐鲁番市高昌区
5.6,2023-06-11,21:08:47,-56.95,147.60,10,麦夸里岛地区
4.3,2023-06-11,20:25:38,24.26,122.47,27,台湾花莲县海域
3.6,2023-06-11,19:29:45,48.74,129.79,17,黑龙江伊春市嘉荫县
6.2,2023-06-11,17:54:45,42.50,142.00,130,日本北海道
3.8,2023-06-11,17:40:14,40.79,82.63,20,新疆阿克苏地区沙雅县
3.3,2023-06-11,00:12:51,35.84,79.77,10,新疆和田地区和田县
4.2,2023-06-10,17:12:34,22.85,120.60,19,台湾屏东县
4.7,2023-06-10,13:31:54,22.88,120.65,14,台湾高雄市
3.2,2023-06-10,10:52:29,31.73,104.08,18,四川阿坝州茂县
3.1,2023-06-08,20:25:13,32.20,88.89,15,西藏那曲市双湖县
5.7,2023-06-08,17:19:32,-22.30,170.30,50,洛亚蒂群岛
3.1,2023-06-08,07:58:54,28.34,104.56,10,四川宜宾市高县
3.2,2023-06-08,01:07:54,43.63,85.99,15,新疆昌吉州玛纳斯县
2.9,2023-06-06,04:22:39,35.12,110.25,25,陕西渭南市合阳县
3.8,2023-06-05,04:39:09,38.29,93.84,10,青海海西州茫崖市
5.3,2023-06-03,21:58:02,12.45,48.15,10,亚丁湾
5.9,2023-06-03,15:17:45,12.65,47.90,10,亚丁湾
5.3,2023-06-03,09:49:17,-15.85,-71.75,20,秘鲁
3.6,2023-06-02,00:00:13,40.80,79.21,13,新疆阿克苏地区柯坪县
5.7,2023-05-31,19:20:15,25.05,96.40,10,缅甸
3.4,2023-05-31,16:23:23,24.21,102.64,9,云南玉溪市通海县
4.0,2023-05-31,15:12:47,40.27,77.20,16,新疆克孜勒苏州阿图什市
3.4,2023-05-31,14:14:32,40.46,77.16,16,新疆克孜勒苏州阿图什市
5.6,2023-05-30,08:52:09,24.15,143.15,60,日本火山列岛地区
3.7,2023-05-29,22:17:48,40.32,83.92,16,新疆阿克苏地区沙雅县
3.0,2023-05-29,11:59:06,36.78,76.89,80,新疆喀什地区叶城县
3.0,2023-05-29,07:50:30,35.89,100.87,9,青海海南州贵南县
3.9,2023-05-29,02:51:21,28.58,91.43,10,西藏山南市措美县
3.7,2023-05-29,02:08:43,39.27,104.25,10,内蒙古阿拉善盟阿拉善左旗
5.2,2023-05-28,23:45:58,7.10,-73.10,160,哥伦比亚
4.1,2023-05-28,15:53:00,35.09,85.93,10,西藏阿里地区改则县
5.3,2023-05-28,13:49:57,36.65,71.15,200,阿富汗
5.6,2023-05-28,11:29:55,-10.00,161.35,120,所罗门群岛
3.6,2023-05-28,05:36:33,27.21,92.68,10,西藏山南市错那县
5.9,2023-05-27,08:11:01,-18.40,-175.00,230,汤加群岛
3.0,2023-05-27,03:57:13,40.36,83.90,19,新疆阿克苏地区沙雅县
3.1,2023-05-27,03:13:37,40.33,83.91,16,新疆阿克苏地区沙雅县
6.2,2023-05-26,18:03:24,35.55,140.70,50,日本本州东岸近海
3.8,2023-05-26,16:07:56,39.68,75.01,18,新疆克孜勒苏州乌恰县
4.8,2023-05-25,21:48:25,20.85,122.20,10,巴坦群岛海域
3.0,2023-05-25,15:58:52,40.29,83.89,10,新疆阿克苏地区沙雅县
3.0,2023-05-25,15:31:21,39.31,110.59,0,内蒙古鄂尔多斯市准格尔旗（疑似塌陷）
3.9,2023-05-25,12:57:55,28.32,104.56,9,四川宜宾市高县
6.5,2023-05-25,11:05:31,8.90,-77.10,10,哥伦比亚北岸近海
6.1,2023-05-24,23:49:34,-7.05,129.60,170,班达海
3.2,2023-05-24,03:21:26,40.83,82.60,21,新疆阿克苏地区沙雅县
3.4,2023-05-23,23:18:04,41.85,82.10,18,新疆阿克苏地区拜城县
4.3,2023-05-23,22:42:56,41.78,82.18,13,新疆阿克苏地区拜城县
3.0,2023-05-23,20:09:00,37.50,78.31,10,新疆和田地区皮山县
6.1,2023-05-23,14:42:01,-22.85,170.25,10,洛亚蒂群岛
3.1,2023-05-22,20:54:45,40.91,78.11,10,新疆克孜勒苏州阿合奇县
3.1,2023-05-22,19:56:43,20.81,110.53,16,广东湛江市麻章区海域
3.3,2023-05-22,19:18:41,28.38,104.82,8,四川宜宾市珙县
3.2,2023-05-22,18:49:01,28.37,104.83,8,四川宜宾市珙县
3.0,2023-05-22,16:23:53,28.27,104.91,8,四川宜宾市兴文县
5.3,2023-05-22,15:51:10,-17.30,-64.05,600,玻利维亚
5.0,2023-05-22,13:43:25,36.35,71.15,150,阿富汗
3.0,2023-05-22,12:19:14,28.38,104.83,8,四川宜宾市长宁县
3.3,2023-05-22,10:35:26,28.38,104.83,8,四川宜宾市长宁县
5.3,2023-05-22,06:20:04,29.75,129.35,190,琉球群岛
4.5,2023-05-22,03:56:44,28.40,104.83,8,四川宜宾市珙县
6.0,2023-05-21,23:45:13,-10.20,161.50,70,所罗门群岛
6.9,2023-05-21,22:56:46,-43.30,39.25,10,爱得华王子群岛地区
2.8,2023-05-20,11:51:38,24.97,99.26,10,云南保山市隆阳区
7.2,2023-05-20,09:50:58,-22.95,170.45,20,洛亚蒂群岛
2.9,2023-05-20,09:03:26,34.26,113.66,10,河南许昌市长葛市
5.7,2023-05-19,23:15:03,12.75,49.00,10,亚丁湾
3.2,2023-05-19,18:26:43,41.31,84.03,10,新疆巴音郭楞州轮台县
5.3,2023-05-19,15:13:43,-23.15,170.80,10,洛亚蒂群岛
7.7,2023-05-19,10:57:02,-23.10,170.70,10,洛亚蒂群岛
3.9,2023-05-19,05:18:32,33.48,91.05,10,青海海西州唐古拉地区
6.4,2023-05-18,07:02:01,15.10,-90.90,250,危地马拉
4.5,2023-05-17,05:56:23,42.78,80.59,10,新疆伊犁州昭苏县
3.0,2023-05-16,19:28:37,28.08,105.12,10,四川宜宾市兴文县
5.4,2023-05-15,15:39:40,-22.90,-66.75,200,阿根廷
5.1,2023-05-14,23:32:20,0.50,126.90,100,印尼马鲁古海北部
5.5,2023-05-14,18:11:34,33.60,139.45,10,日本本州东南海域
3.0,2023-05-14,16:49:13,38.14,75.66,118,新疆克孜勒苏州阿克陶县
5.3,2023-05-14,16:21:42,33.35,139.40,10,日本本州东南海域
5.5,2023-05-12,07:19:45,40.25,-120.90,10,美国加利福尼亚州
4.0,2023-05-12,06:07:18,29.62,102.03,10,四川甘孜州泸定县
3.0,2023-05-12,04:49:57,29.66,102.01,9,四川甘孜州泸定县
4.2,2023-05-12,04:32:10,29.63,102.02,10,四川甘孜州泸定县
4.5,2023-05-12,02:34:04,29.64,102.04,10,四川甘孜州泸定县
5.9,2023-05-11,21:33:11,24.00,125.40,10,琉球群岛
7.5,2023-05-11,00:02:01,-15.50,-174.50,200,汤加群岛
3.6,2023-05-10,08:38:11,28.11,105.09,8,四川宜宾市兴文县
3.3,2023-05-09,19:23:29,41.20,83.28,15,新疆阿克苏地区库车市
3.1,2023-05-09,18:22:15,35.78,79.81,10,新疆和田地区和田县
3.1,2023-05-09,14:12:22,41.07,78.84,10,新疆阿克苏地区乌什县
2.3,2023-05-09,12:31:46,37.51,115.07,10,河北邢台市宁晋县
3.0,2023-05-08,04:06:46,29.72,103.26,18,四川眉山市洪雅县
3.3,2023-05-06,21:23:45,29.61,102.03,8,四川甘孜州泸定县
3.0,2023-05-06,20:39:11,30.67,117.05,10,安徽安庆市宜秀区
3.7,2023-05-06,13:01:57,29.15,105.45,10,四川泸州市泸县
3.1,2023-05-06,10:19:43,47.73,130.85,8,黑龙江鹤岗市萝北县
5.4,2023-05-06,01:47:17,41.45,142.10,40,日本北海道地区
5.7,2023-05-05,20:58:05,37.35,137.35,10,日本本州西岸近海
4.3,2023-05-05,20:33:19,28.08,105.12,8,四川宜宾市兴文县
6.3,2023-05-05,13:42:05,37.40,137.40,10,日本本州西岸近海
3.1,2023-05-05,11:32:04,25.12,98.13,12,云南德宏州盈江县
3.2,2023-05-05,10:28:39,25.14,98.11,8,云南德宏州盈江县
3.4,2023-05-05,08:35:26,35.79,79.86,10,新疆和田地区和田县
4.5,2023-05-04,23:38:21,23.46,121.33,10,台湾花莲县
2.1,2023-05-04,19:00:31,38.46,117.97,9,河北沧州市黄骅市海域
3.0,2023-05-04,15:53:46,40.80,83.91,15,新疆阿克苏地区沙雅县
3.3,2023-05-04,14:06:24,28.92,102.47,15,四川雅安市石棉县
3.3,2023-05-04,11:46:24,33.34,119.28,14,江苏扬州市宝应县
4.9,2023-05-04,10:15:28,28.14,105.12,10,四川宜宾市兴文县
5.3,2023-05-03,17:51:19,36.50,70.65,200,阿富汗
4.5,2023-05-03,13:04:00,28.10,105.12,8,四川宜宾市兴文县
4.0,2023-05-03,12:08:19,28.12,105.15,10,四川宜宾市兴文县
3.7,2023-05-03,10:01:22,29.41,104.54,10,四川自贡市贡井区
5.7,2023-05-03,04:09:58,-4.10,142.70,110,巴布亚新几内亚
3.2,2023-05-03,02:27:01,34.34,83.90,10,西藏阿里地区改则县
4.4,2023-05-02,23:38:19,25.35,99.29,10,云南保山市隆阳区
5.2,2023-05-02,23:27:22,25.35,99.28,10,云南保山市隆阳区
3.1,2023-05-02,02:49:22,42.13,83.28,20,新疆阿克苏地区库车市
3.3,2023-05-01,22:08:05,40.27,103.68,15,内蒙古阿拉善盟阿拉善右旗
5.8,2023-05-01,11:22:09,25.95,128.65,10,琉球群岛
5.7,2023-04-28,17:19:55,-4.60,133.70,30,印尼西巴布亚省附近海域
5.6,2023-04-28,11:51:05,-25.10,178.48,580,斐济群岛以南海域
6.5,2023-04-28,11:13:44,-25.10,178.50,590,斐济群岛以南海域
3.3,2023-04-28,10:49:41,32.46,93.53,10,西藏那曲市巴青县
5.7,2023-04-28,09:07:50,-60.15,-27.95,120,南桑威奇群岛
3.5,2023-04-27,14:21:17,29.62,104.64,8,四川内江市威远县
3.1,2023-04-27,09:39:59,32.66,119.78,11,江苏扬州市江都区
3.2,2023-04-26,15:53:39,42.15,83.32,15,新疆阿克苏地区库车市
3.3,2023-04-26,02:34:05,39.21,74.52,10,新疆克孜勒苏州阿克陶县
4.8,2023-04-25,23:34:30,34.54,122.68,10,黄海海域
6.9,2023-04-25,04:00:55,-0.80,98.70,10,印尼苏门答腊岛南部海域
3.3,2023-04-24,22:13:05,43.31,83.68,11,新疆伊犁州新源县
7.2,2023-04-24,08:41:56,-29.65,-177.65,30,新西兰克马德克群岛
3.2,2023-04-23,20:46:17,24.24,98.61,8,云南德宏州芒市
3.8,2023-04-23,17:02:10,39.43,79.98,15,新疆和田地区墨玉县
5.8,2023-04-23,05:17:47,-0.75,98.60,20,印尼苏门答腊岛南部海域
5.8,2023-04-23,01:09:44,-0.80,98.90,20,印尼苏门答腊岛南部海域
5.2,2023-04-22,17:15:54,-5.30,125.60,10,班达海
6.3,2023-04-22,16:23:43,-5.25,125.60,10,班达海
4.7,2023-04-22,13:04:20,22.57,118.47,10,台湾海峡南部
5.9,2023-04-21,18:21:17,2.70,126.90,40,印尼马鲁古海
3.2,2023-04-20,16:12:56,34.41,93.49,8,青海玉树州治多县
6.2,2023-04-19,17:06:04,-6.00,149.50,50,新不列颠岛
3.1,2023-04-19,14:16:56,22.72,100.67,5,云南普洱市思茅区
5.0,2023-04-19,12:55:35,17.85,-100.50,10,墨西哥
3.3,2023-04-19,08:22:10,40.77,105.44,10,内蒙古阿拉善盟阿拉善左旗
6.6,2023-04-18,12:31:40,-22.25,179.50,600,斐济群岛以南海域
5.6,2023-04-18,10:40:53,54.05,159.90,120,俄罗斯堪察加半岛
3.3,2023-04-17,22:34:15,42.07,82.18,15,新疆阿克苏地区拜城县
3.0,2023-04-17,06:56:28,37.23,78.28,15,新疆和田地区皮山县
3.6,2023-04-16,12:38:37,41.25,83.24,10,新疆阿克苏地区库车市
3.1,2023-04-16,00:12:45,44.05,84.67,20,新疆塔城地区乌苏市
5.7,2023-04-15,23:07:06,-4.90,102.70,70,印尼苏门答腊岛南部海域
5.8,2023-04-15,23:01:35,-33.45,56.25,10,西南印度洋海岭
3.2,2023-04-15,02:32:03,29.63,102.03,10,四川甘孜州泸定县
5.3,2023-04-14,22:10:55,-5.50,152.30,70,新不列颠岛地区
5.7,2023-04-14,18:37:55,-6.40,112.95,600,印尼爪哇岛
7.1,2023-04-14,17:55:45,-6.30,111.20,600,印尼爪哇岛
3.6,2023-04-14,04:48:26,41.51,86.78,18,新疆巴音郭楞州尉犁县
3.4,2023-04-14,02:05:07,37.23,78.23,17,新疆和田地区皮山县
6.1,2023-04-13,23:54:55,49.35,-129.60,10,加拿大温哥华岛附近海域
3.0,2023-04-10,11:31:29,41.92,81.74,15,新疆阿克苏地区拜城县
5.3,2023-04-10,09:05:47,-3.45,148.95,10,俾斯麦海
5.6,2023-04-09,20:17:35,8.90,94.00,20,尼科巴群岛
5.5,2023-04-09,18:31:23,8.90,93.95,20,尼科巴群岛
3.2,2023-04-08,08:36:00,35.08,116.83,8,山东济宁市微山县
3.4,2023-04-07,23:44:03,41.92,81.75,15,新疆阿克苏地区拜城县
3.1,2023-04-07,20:19:57,41.95,81.76,15,新疆阿克苏地区拜城县
4.6,2023-04-07,20:17:05,41.94,81.78,15,新疆阿克苏地区拜城县
4.0,2023-04-07,18:36:29,23.19,121.41,10,台湾台东县海域
3.2,2023-04-07,14:40:55,34.41,93.53,10,青海玉树州治多县
5.8,2023-04-07,10:22:42,49.75,155.40,100,千岛群岛
4.0,2023-04-07,02:02:15,34.68,82.10,11,西藏阿里地区日土县
3.2,2023-04-06,19:22:27,39.63,122.80,10,辽宁大连市庄河市
3.6,2023-04-05,09:37:26,40.98,83.10,20,新疆阿克苏地区沙雅县
2.9,2023-04-05,09:05:41,38.46,114.30,12,河北石家庄市灵寿县
6.4,2023-04-05,06:18:14,7.60,-82.30,10,巴拿马以南海域
3.2,2023-04-05,04:26:52,41.73,81.17,10,新疆阿克苏地区拜城县
5.8,2023-04-05,03:08:46,-27.50,-71.10,50,智利北部沿岸近海
6.2,2023-04-04,20:54:33,13.70,125.60,10,菲律宾
5.1,2023-04-04,10:12:00,16.40,-96.90,30,墨西哥
3.4,2023-04-04,09:26:30,40.58,77.39,15,新疆克孜勒苏州阿图什市
6.0,2023-04-03,22:59:41,0.85,98.85,80,印尼苏门答腊岛北部
6.5,2023-04-03,11:06:57,52.75,158.70,100,堪察加东岸近海
6.1,2023-04-03,03:32:24,6.50,115.80,600,南海海域
7.1,2023-04-03,02:04:09,-4.25,143.10,60,巴布亚新几内亚
3.0,2023-04-03,01:01:23,37.96,77.93,21,新疆喀什地区叶城县
3.0,2023-04-02,18:26:39,39.75,74.47,10,新疆克孜勒苏州乌恰县
5.1,2023-04-02,16:40:55,-7.80,118.75,20,弗洛勒斯海
3.3,2023-04-02,08:02:20,37.75,101.30,10,青海海北州门源县
4.0,2023-04-02,05:54:51,26.83,102.92,15,四川凉山州会东县
3.2,2023-04-01,21:25:48,39.34,75.16,18,新疆克孜勒苏州乌恰县
3.1,2023-04-01,13:53:08,40.08,75.96,10,新疆克孜勒苏州阿图什市
3.0,2023-04-01,05:22:15,41.15,83.42,10,新疆阿克苏地区库车市
3.6,2023-04-01,03:52:35,40.91,78.11,10,新疆克孜勒苏州阿合奇县
3.4,2023-03-31,19:11:24,36.77,76.92,95,新疆喀什地区叶城县
3.4,2023-03-31,13:44:59,34.48,93.59,9,青海玉树州治多县
3.6,2023-03-31,05:49:35,29.30,100.69,13,四川甘孜州理塘县
2.2,2023-03-31,03:11:54,37.47,115.01,10,河北邢台市宁晋县
6.2,2023-03-31,01:33:08,-35.55,-73.40,10,智利中部沿岸近海
3.4,2023-03-30,15:16:30,34.78,90.45,9,青海海西州唐古拉地区
3.1,2023-03-30,10:22:10,41.07,83.43,18,新疆阿克苏地区沙雅县
3.4,2023-03-29,15:02:00,23.27,112.94,8,广东佛山市三水区
2.3,2023-03-28,18:39:45,37.50,114.37,9,河北邢台市临城县
6.1,2023-03-28,17:18:28,41.20,142.85,30,日本北海道地区
3.8,2023-03-28,13:16:56,36.19,77.84,92,新疆喀什地区叶城县
6.1,2023-03-28,06:19:16,-8.15,159.05,100,所罗门群岛
3.7,2023-03-26,23:01:47,41.32,83.76,18,新疆阿克苏地区库车市
3.1,2023-03-26,17:04:35,30.68,96.19,10,西藏昌都市洛隆县
5.7,2023-03-26,08:02:43,-21.20,-68.75,100,智利北部
3.1,2023-03-26,00:39:58,36.35,75.99,10,新疆喀什地区塔什库尔干县
3.2,2023-03-25,23:19:48,39.46,77.55,20,新疆喀什地区伽师县
3.3,2023-03-25,19:26:50,37.50,114.35,9,河北邢台市临城县
5.6,2023-03-24,21:01:34,-20.20,-176.35,300,斐济群岛
3.7,2023-03-24,17:30:47,33.54,90.94,10,青海海西州唐古拉地区
5.5,2023-03-24,11:17:00,38.35,44.85,30,伊朗
3.3,2023-03-24,10:29:19,34.38,93.52,10,青海玉树州治多县
2.5,2023-03-24,08:52:39,38.77,116.21,18,河北沧州市任丘市
4.2,2023-03-23,18:26:34,22.61,100.71,10,云南普洱市思茅区
5.0,2023-03-23,17:19:55,37.95,36.65,10,土耳其
3.3,2023-03-23,16:44:32,29.12,95.69,10,西藏林芝市墨脱县
3.2,2023-03-23,15:47:46,29.37,103.95,8,四川乐山市犍为县
5.7,2023-03-23,08:17:39,-4.60,144.20,120,巴布亚新几内亚
5.2,2023-03-23,07:31:53,19.20,120.85,10,菲律宾群岛地区
5.9,2023-03-23,04:07:45,39.45,69.80,10,塔吉克斯坦
6.4,2023-03-23,00:00:31,-23.50,-66.65,200,阿根廷
5.3,2023-03-22,15:36:59,40.30,143.10,20,日本本州东岸远海
6.9,2023-03-22,00:47:22,36.50,70.80,230,阿富汗
2.1,2023-03-21,20:41:39,36.92,114.64,18,河北邢台市沙河市
4.9,2023-03-21,09:45:19,23.51,121.50,10,台湾花莲县
3.0,2023-03-21,02:38:07,44.28,81.18,17,新疆伊犁州霍城县
3.1,2023-03-20,06:03:43,42.56,117.67,10,河北承德市围场县
2.1,2023-03-19,09:57:03,37.76,115.20,10,河北石家庄市辛集市
6.7,2023-03-19,01:12:53,-2.75,-79.75,70,厄瓜多尔
4.2,2023-03-18,02:19:11,38.39,75.58,142,新疆克孜勒苏州阿克陶县
3.0,2023-03-17,21:28:21,30.78,96.26,10,西藏昌都市洛隆县
4.8,2023-03-17,18:39:37,30.78,96.25,10,西藏昌都市洛隆县
3.2,2023-03-17,09:04:37,30.52,102.83,8,四川雅安市宝兴县
7.0,2023-03-16,08:56:00,-30.20,-176.05,10,新西兰克马德克群岛
3.3,2023-03-15,17:40:41,33.89,82.01,10,西藏阿里地区日土县
2.0,2023-03-15,17:31:50,37.77,115.19,19,河北石家庄市辛集市
3.3,2023-03-15,14:11:39,35.07,81.30,10,西藏阿里地区日土县
3.6,2023-03-15,11:38:30,37.80,101.40,10,青海海北州门源县
4.6,2023-03-15,10:32:21,35.20,81.33,10,西藏阿里地区日土县
3.1,2023-03-14,22:40:53,33.28,92.70,9,青海玉树州杂多县
6.5,2023-03-14,08:49:08,-5.35,146.90,210,巴布亚新几内亚附近海域
5.3,2023-03-14,06:50:42,-28.25,-67.30,140,阿根廷
3.4,2023-03-14,04:48:51,35.12,81.48,10,西藏阿里地区日土县
3.4,2023-03-14,02:19:40,35.19,81.45,8,西藏阿里地区日土县
3.7,2023-03-13,21:42:19,35.09,81.48,10,西藏阿里地区日土县
3.6,2023-03-13,17:14:21,44.36,84.16,10,新疆塔城地区乌苏市
3.3,2023-03-13,11:46:35,35.06,81.37,25,西藏阿里地区日土县
3.8,2023-03-13,07:54:15,43.48,92.82,10,新疆哈密市伊州区
3.2,2023-03-13,07:25:49,44.82,89.35,11,新疆昌吉州吉木萨尔县
3.1,2023-03-12,23:14:57,29.43,102.14,11,四川雅安市石棉县
3.2,2023-03-12,19:27:36,31.92,94.98,10,西藏昌都市丁青县
5.7,2023-03-12,15:43:23,-12.15,165.70,10,圣克鲁斯群岛
2.5,2023-03-11,17:02:15,37.20,115.10,13,河北邢台市巨鹿县
5.5,2023-03-10,17:18:39,6.85,-73.20,150,哥伦比亚
5.8,2023-03-08,15:33:06,-6.45,155.20,60,所罗门群岛
5.7,2023-03-08,14:03:32,50.00,157.35,10,千岛群岛
3.4,2023-03-08,13:21:07,23.84,114.51,8,广东河源市东源县
4.5,2023-03-08,05:15:33,23.84,114.52,10,广东河源市东源县
5.9,2023-03-07,21:51:49,-3.05,150.80,20,新爱尔兰地区
5.9,2023-03-07,14:02:29,7.45,126.10,10,菲律宾棉兰老岛
5.8,2023-03-07,04:59:59,-20.85,-178.40,520,斐济群岛
3.0,2023-03-04,18:07:12,39.66,75.73,22,新疆克孜勒苏州阿图什市
3.3,2023-03-04,17:40:39,39.68,75.73,22,新疆克孜勒苏州阿图什市
6.8,2023-03-04,14:41:22,-29.40,-178.70,200,新西兰克马德克群岛
3.0,2023-03-04,12:49:27,28.42,104.84,8,四川宜宾市长宁县
3.3,2023-03-03,09:13:45,29.87,94.90,10,西藏林芝市巴宜区
4.1,2023-03-03,05:49:53,22.50,102.63,10,越南
6.4,2023-03-03,02:04:35,-15.10,166.35,20,瓦努阿图群岛
4.1,2023-03-03,00:48:58,24.52,121.92,11,台湾宜兰县海域
3.3,2023-03-02,21:01:16,40.89,78.09,10,新疆克孜勒苏州阿合奇县
3.1,2023-03-02,19:52:01,24.24,98.61,10,云南德宏州芒市
3.3,2023-03-02,16:12:55,28.34,87.35,10,西藏日喀则市定日县
5.7,2023-03-02,12:40:43,16.35,-94.30,110,墨西哥
5.2,2023-03-02,03:28:08,14.10,146.90,20,马里亚纳群岛
3.2,2023-03-01,23:36:48,41.22,83.72,11,新疆阿克苏地区库车市
6.6,2023-03-01,13:36:14,-4.80,149.60,600,俾斯麦海
3.7,2023-03-01,01:58:25,23.86,99.58,10,云南临沧市耿马县
3.3,2023-03-01,00:49:57,29.62,102.00,8,四川甘孜州泸定县
4.6,2023-02-28,12:21:03,37.95,73.30,10,塔吉克斯坦
3.8,2023-02-28,03:36:02,39.50,74.04,10,新疆克孜勒苏州乌恰县
5.0,2023-02-27,17:04:49,38.25,38.20,10,土耳其
5.6,2023-02-27,14:40:59,-20.75,-178.25,530,斐济群岛
5.4,2023-02-27,09:26:06,-1.65,120.40,50,印尼苏拉威西岛
5.1,2023-02-27,07:58:05,41.87,79.85,10,新疆阿克苏地区温宿县
4.5,2023-02-27,05:42:13,42.08,79.83,10,吉尔吉斯斯坦
2.2,2023-02-27,03:54:19,39.73,118.42,10,河北唐山市古冶区
3.1,2023-02-26,14:30:03,38.26,87.48,20,新疆巴音郭楞州若羌县
6.3,2023-02-26,05:24:50,-6.15,149.80,70,巴布亚新几内亚
4.1,2023-02-26,00:03:18,22.43,121.21,12,台湾台东县海域
6.0,2023-02-25,21:27:42,42.75,145.25,60,日本北海道附近海域
5.3,2023-02-25,18:27:11,38.00,33.95,10,土耳其
3.5,2023-02-25,08:29:12,33.78,90.86,10,青海海西州唐古拉地区
3.0,2023-02-25,08:00:49,34.00,105.18,12,甘肃陇南市西和县
3.1,2023-02-24,11:44:19,39.38,94.85,10,甘肃酒泉市肃北县
3.0,2023-02-24,10:45:37,41.04,83.60,10,新疆阿克苏地区沙雅县
6.3,2023-02-24,04:02:50,3.25,128.05,100,印尼哈马黑拉岛以北海域
3.0,2023-02-23,23:35:06,36.18,78.05,85,新疆和田地区皮山县
5.1,2023-02-23,21:01:20,-24.00,-67.10,200,阿根廷
3.3,2023-02-23,20:58:29,39.59,83.98,40,新疆巴音郭楞州且末县
4.5,2023-02-23,19:24:25,38.26,73.14,10,塔吉克斯坦
4.5,2023-02-23,16:01:02,38.15,73.21,10,塔吉克斯坦
4.6,2023-02-23,10:17:59,38.15,73.22,10,塔吉克斯坦
4.6,2023-02-23,10:07:42,37.91,73.42,10,塔吉克斯坦
4.8,2023-02-23,09:35:53,38.11,73.19,10,塔吉克斯坦
4.5,2023-02-23,08:57:42,38.12,73.31,10,塔吉克斯坦
4.8,2023-02-23,08:55:14,38.09,73.25,10,塔吉克斯坦
7.2,2023-02-23,08:37:39,37.98,73.29,10,塔吉克斯坦
3.6,2023-02-22,18:32:02,41.89,82.04,30,新疆阿克苏地区拜城县
4.6,2023-02-22,18:25:52,41.89,81.99,26,新疆阿克苏地区拜城县
5.4,2023-02-22,17:34:03,-7.15,129.65,130,印尼班达海
3.4,2023-02-22,01:05:09,31.68,93.52,25,西藏那曲市比如县
5.0,2023-02-21,14:05:36,27.70,55.35,20,伊朗
5.6,2023-02-21,13:35:24,56.95,-153.25,10,美国阿拉斯加州科迪亚克岛地区
6.3,2023-02-21,01:04:29,36.10,36.05,10,土耳其
3.1,2023-02-19,13:33:59,35.35,81.25,10,新疆和田地区策勒县
3.4,2023-02-19,02:53:05,24.32,98.09,10,云南德宏州陇川县
4.1,2023-02-18,23:49:09,23.73,120.75,23,台湾南投县
2.8,2023-02-18,04:49:48,25.57,116.69,7,福建龙岩市连城县
6.2,2023-02-17,17:37:33,-6.65,132.20,40,印尼塔宁巴尔群岛地区
5.6,2023-02-16,13:37:05,-15.05,166.80,30,瓦努阿图群岛
6.1,2023-02-16,02:10:08,12.50,123.95,20,菲律宾
5.7,2023-02-15,14:38:09,-40.50,174.50,80,新西兰库克海峡
5.6,2023-02-14,21:16:51,45.15,23.30,10,罗马尼亚
3.0,2023-02-14,14:40:16,41.14,83.47,15,新疆阿克苏地区库车市
3.6,2023-02-14,03:35:10,46.62,119.92,16,内蒙古锡林郭勒盟东乌珠穆沁旗
4.3,2023-02-14,02:38:48,38.96,92.75,10,青海海西州茫崖市
3.6,2023-02-13,18:38:47,43.78,84.82,18,新疆塔城地区乌苏市
6.1,2023-02-13,17:18:11,-29.60,-178.75,350,新西兰克马德克群岛
3.1,2023-02-13,01:23:35,29.66,102.01,12,四川甘孜州泸定县
2.8,2023-02-12,16:42:23,39.76,115.63,14,北京房山区
3.2,2023-02-12,11:37:27,42.26,85.14,10,新疆巴音郭楞州轮台县
3.3,2023-02-12,08:27:45,39.93,96.41,11,甘肃酒泉市瓜州县
2.9,2023-02-12,00:32:03,26.39,99.91,10,云南大理州剑川县
3.0,2023-02-11,20:29:48,41.22,83.26,10,新疆阿克苏地区库车市
4.2,2023-02-11,19:35:47,23.40,121.69,29,台湾台东县海域
3.1,2023-02-11,17:47:29,38.28,75.09,122,新疆克孜勒苏州阿克陶县
5.8,2023-02-11,16:55:06,3.70,126.95,20,印尼塔劳群岛
2.9,2023-02-11,14:39:53,39.92,96.37,11,甘肃酒泉市瓜州县
2.8,2023-02-11,14:35:30,23.76,114.63,10,广东河源市源城区（有感）
4.3,2023-02-11,10:41:42,23.76,114.64,11,广东河源市源城区
3.0,2023-02-10,15:30:27,36.17,77.51,85,新疆喀什地区叶城县
3.0,2023-02-10,00:06:31,31.94,92.84,10,西藏那曲市比如县
3.0,2023-02-09,21:39:46,37.59,96.47,10,青海海西州德令哈市
5.1,2023-02-08,19:11:54,37.95,37.60,10,土耳其
4.7,2023-02-08,18:49:58,23.35,121.65,30,台湾花莲县海域
5.2,2023-02-07,15:11:17,38.10,38.60,20,土耳其
3.2,2023-02-07,14:28:15,41.30,83.65,15,新疆阿克苏地区库车市
3.4,2023-02-07,10:46:17,45.01,80.91,23,新疆博尔塔拉州温泉县
4.3,2023-02-07,04:20:16,24.28,121.89,20,台湾花莲县海域
5.9,2023-02-06,20:02:17,38.00,36.20,20,土耳其
7.8,2023-02-06,18:24:50,38.00,37.15,20,土耳其
6.7,2023-02-06,09:28:32,37.35,36.85,20,土耳其
7.8,2023-02-06,09:17:37,37.15,36.95,20,土耳其
3.0,2023-02-06,05:35:27,40.53,83.35,23,新疆阿克苏地区沙雅县
3.2,2023-02-05,11:38:14,23.27,112.95,8,广东佛山市三水区
5.5,2023-02-05,09:02:44,-29.70,-71.25,50,智利中部
5.8,2023-02-05,08:03:18,32.65,141.75,10,日本本州东南海域
3.8,2023-02-04,22:14:05,44.40,80.95,20,新疆伊犁州霍城县
5.9,2023-02-04,20:22:37,-6.40,146.25,120,巴布亚新几内亚
3.1,2023-02-04,19:10:18,28.36,104.88,11,四川宜宾市长宁县
3.4,2023-02-04,15:11:08,37.77,101.21,9,青海海北州门源县
3.2,2023-02-04,11:25:00,24.45,102.04,10,云南玉溪市峨山县
4.2,2023-02-03,20:14:40,37.03,96.91,10,青海海西州德令哈市
4.9,2023-02-03,20:04:19,37.02,96.94,10,青海海西州德令哈市
3.1,2023-02-03,20:01:48,37.02,96.93,10,青海海西州德令哈市
2.8,2023-02-03,00:26:52,29.61,101.99,11,四川甘孜州泸定县
3.7,2023-02-02,10:08:23,40.87,78.71,10,新疆克孜勒苏州阿合奇县
6.0,2023-02-01,18:44:43,7.75,126.15,20,菲律宾棉兰老岛
3.3,2023-02-01,17:00:57,39.84,99.70,11,甘肃张掖市高台县
3.0,2023-02-01,02:59:31,29.62,102.01,12,四川甘孜州泸定县
3.0,2023-01-31,05:38:30,40.21,77.73,10,新疆克孜勒苏州阿图什市
3.1,2023-01-31,04:14:08,36.49,82.33,10,新疆和田地区于田县
4.8,2023-01-31,01:07:43,35.85,79.86,10,新疆和田地区和田县
3.2,2023-01-30,23:41:52,50.99,124.63,11,黑龙江大兴安岭地区松岭区
2.6,2023-01-30,16:50:45,38.57,115.54,11,河北保定市蠡县
6.1,2023-01-30,07:49:39,40.01,82.29,50,新疆阿克苏地区沙雅县
3.6,2023-01-29,07:18:21,35.83,79.96,10,新疆和田地区和田县
5.3,2023-01-29,03:15:18,1.95,128.10,150,印尼哈马黑拉岛
5.9,2023-01-29,02:14:48,38.65,45.00,10,伊朗
3.1,2023-01-28,15:42:53,41.40,83.86,11,新疆阿克苏地区库车市
3.0,2023-01-28,07:35:03,40.43,108.61,12,内蒙古鄂尔多斯市杭锦旗
3.8,2023-01-28,03:06:08,39.56,74.85,10,新疆克孜勒苏州乌恰县
3.2,2023-01-27,18:09:16,41.24,83.71,15,新疆阿克苏地区库车市
2.1,2023-01-27,16:18:20,25.04,102.64,10,云南昆明市西山区(有感)
3.3,2023-01-27,07:50:17,44.23,81.41,22,新疆伊犁州伊宁市
3.1,2023-01-27,01:11:03,29.63,102.00,8,四川甘孜州泸定县
3.0,2023-01-27,00:30:50,35.80,79.86,10,新疆和田地区和田县
6.0,2023-01-26,18:45:53,-30.30,-178.80,130,新西兰克马德克群岛
3.2,2023-01-26,17:48:43,35.76,79.94,10,新疆和田地区和田县
3.0,2023-01-26,17:05:19,37.53,77.41,23,新疆喀什地区叶城县
4.4,2023-01-26,07:21:32,29.63,101.99,14,四川甘孜州泸定县
3.2,2023-01-26,05:54:54,35.75,79.85,10,新疆和田地区和田县
3.2,2023-01-26,05:53:40,35.69,79.82,10,新疆和田地区和田县
3.2,2023-01-26,05:22:11,29.64,101.98,8,四川甘孜州泸定县
3.3,2023-01-26,05:19:07,29.66,101.96,10,四川甘孜州泸定县
4.0,2023-01-26,04:57:18,29.65,101.98,10,四川甘孜州泸定县
3.6,2023-01-26,04:51:09,29.61,102.00,11,四川甘孜州泸定县
3.1,2023-01-26,04:49:08,35.73,79.81,10,新疆和田地区和田县
3.2,2023-01-26,04:30:43,29.62,102.01,12,四川甘孜州泸定县
2.9,2023-01-26,04:03:25,29.63,101.99,9,四川甘孜州泸定县
4.5,2023-01-26,03:50:16,29.66,102.07,10,四川甘孜州泸定县
5.6,2023-01-26,03:49:43,29.63,102.01,11,四川甘孜州泸定县
3.8,2023-01-26,00:10:47,35.79,79.82,10,新疆和田地区和田县
3.0,2023-01-26,00:09:27,35.73,79.81,10,新疆和田地区和田县
4.9,2023-01-26,00:02:10,35.83,79.89,10,新疆和田地区和田县
3.4,2023-01-25,21:48:25,44.83,81.15,21,新疆博尔塔拉州温泉县
3.9,2023-01-25,21:13:38,41.22,83.97,10,新疆阿克苏地区库车市
5.8,2023-01-25,20:37:06,35.65,28.55,50,地中海
3.0,2023-01-25,04:47:14,38.08,100.13,9,青海海北州祁连县
6.3,2023-01-25,02:36:59,-26.75,-63.15,600,阿根廷
5.0,2023-01-24,16:58:32,29.55,81.50,10,尼泊尔
2.1,2023-01-24,11:38:34,36.42,114.26,10,河北邯郸市磁县
2.5,2023-01-24,10:57:29,36.42,114.26,8,河北邯郸市磁县
5.5,2023-01-24,10:13:17,2.85,127.00,30,印尼马鲁古海
2.4,2023-01-23,13:53:41,39.15,118.56,12,河北唐山市曹妃甸区海域
3.2,2023-01-23,06:08:25,38.48,99.21,9,青海海北州祁连县
3.3,2023-01-22,22:36:53,38.57,93.50,9,青海海西州茫崖市
6.6,2023-01-21,06:09:38,-26.80,-63.20,600,阿根廷
3.1,2023-01-21,00:43:23,33.66,81.85,10,西藏阿里地区日土县
6.2,2023-01-20,19:23:39,16.15,-62.15,170,背风群岛
3.2,2023-01-20,09:20:15,35.84,79.93,10,新疆和田地区和田县
3.0,2023-01-20,07:32:48,35.79,79.87,10,新疆和田地区和田县
3.0,2023-01-19,20:35:15,41.02,82.85,20,新疆阿克苏地区沙雅县
5.4,2023-01-19,19:30:41,35.40,71.40,150,阿富汗
3.3,2023-01-18,19:54:27,41.25,84.04,8,新疆巴音郭楞州轮台县
5.6,2023-01-18,18:08:13,38.50,45.05,10,伊朗
7.0,2023-01-18,14:06:14,2.80,127.10,40,印尼马鲁古海
6.1,2023-01-18,08:34:45,-0.10,123.30,160,印尼苏拉威西岛附近海域
3.6,2023-01-17,17:17:33,31.71,112.01,8,湖北襄阳市南漳县
3.2,2023-01-17,17:13:04,31.71,111.99,8,湖北襄阳市南漳县
3.1,2023-01-17,00:09:30,41.12,83.40,18,新疆阿克苏地区沙雅县
3.4,2023-01-16,19:45:00,35.81,79.94,8,新疆和田地区和田县
3.9,2023-01-16,19:29:41,35.79,79.97,8,新疆和田地区和田县
5.8,2023-01-16,12:49:52,29.00,139.55,400,日本小笠原群岛地区
6.0,2023-01-16,06:29:59,1.90,97.90,30,印尼苏门答腊岛北部海域
3.0,2023-01-16,05:46:25,28.11,104.95,10,四川宜宾市珙县
3.8,2023-01-15,21:55:16,38.40,75.41,140,新疆克孜勒苏州阿克陶县
5.5,2023-01-15,20:04:21,-14.85,166.95,60,瓦努阿图群岛
3.0,2023-01-14,22:50:33,41.21,83.67,11,新疆阿克苏地区库车市
4.3,2023-01-14,16:02:28,32.92,92.22,9,青海海西州唐古拉地区
3.0,2023-01-14,15:03:36,38.94,109.68,0,陕西榆林市神木市(塌陷)
3.0,2023-01-14,13:25:38,41.82,88.05,9,新疆巴音郭楞州和硕县
3.4,2023-01-12,17:58:34,31.71,83.10,10,西藏阿里地区改则县
5.4,2023-01-12,14:19:09,-30.65,-71.40,40,智利
3.0,2023-01-12,14:15:32,27.11,102.89,10,四川凉山州宁南县
2.9,2023-01-12,08:24:57,23.84,114.51,9,广东河源市东源县
5.8,2023-01-11,16:39:57,-14.95,166.55,10,瓦努阿图群岛
3.0,2023-01-11,15:14:58,35.64,103.96,8,甘肃定西市临洮县
3.0,2023-01-11,11:34:20,48.32,130.42,21,黑龙江伊春市嘉荫县
3.4,2023-01-11,04:25:11,32.11,104.97,14,四川绵阳市江油市
5.8,2023-01-10,13:24:54,-14.95,166.80,120,瓦努阿图群岛
7.6,2023-01-10,01:47:33,-7.20,130.10,100,印尼班达海
3.4,2023-01-09,20:51:33,24.26,98.64,10,云南德宏州芒市
3.1,2023-01-08,23:48:49,37.79,112.52,10,山西太原市晋源区
7.0,2023-01-08,20:32:39,-14.95,166.80,20,瓦努阿图群岛
4.0,2023-01-07,19:21:27,23.54,121.33,14,台湾花莲县
5.9,2023-01-06,19:52:37,-24.55,179.95,500,斐济群岛以南海域
3.1,2023-01-06,08:35:33,34.72,98.01,10,青海果洛州玛多县
6.0,2023-01-05,22:25:51,36.40,70.65,200,阿富汗
3.7,2023-01-05,21:03:31,40.19,74.66,10,新疆克孜勒苏州乌恰县
4.2,2023-01-05,12:27:38,37.91,101.13,10,青海海北州祁连县
